{"cameraMode":{"drawMode":0,"name":"Shaded","section":"Shading Mode"},"sceneLighting":false,"audioPlay":false,"sceneViewState":{"showFog":true,"showMaterialUpdate":false,"showSkybox":false,"showFlares":true,"showImageEffects":true,"showParticleSystems":true},"in2DMode":false,"pivot":{"x":0.0016335844993591309,"y":1.4794957637786866,"z":-0.0000017881393432617188},"rotation":{"x":-0.07068631052970886,"y":0.04247746989130974,"z":-0.0030126513447612526,"w":-0.9965892434120178},"size":7.491484642028809,"orthographic":false}