{"cameraMode":{"drawMode":0,"name":"Shaded","section":"Shading Mode"},"sceneLighting":false,"audioPlay":false,"sceneViewState":{"showFog":true,"showMaterialUpdate":false,"showSkybox":false,"showFlares":true,"showImageEffects":true,"showParticleSystems":true},"in2DMode":false,"pivot":{"x":0.0,"y":0.9549503326416016,"z":1.1920928955078126e-7},"rotation":{"x":-0.08528659492731095,"y":-0.6367299556732178,"z":0.07116842269897461,"w":-0.7630441188812256},"size":6.117484092712402,"orthographic":false}