{"cameraMode":{"drawMode":0,"name":"Shaded","section":"Shading Mode"},"sceneLighting":true,"audioPlay":false,"sceneViewState":{"showFog":true,"showMaterialUpdate":false,"showSkybox":true,"showFlares":true,"showImageEffects":true,"showParticleSystems":true},"in2DMode":false,"pivot":{"x":-2.9352481365203859,"y":2.6220920085906984,"z":-0.0649803876876831},"rotation":{"x":-0.09615873545408249,"y":0.0065659708343446259,"z":-0.0006349149625748396,"w":-0.9953442215919495},"size":22.109203338623048,"orthographic":false}